[{"qid": 4092, "image_local_path": "images/sample/COCO_val2014_000000151820.jpg", "text": "The company held a table meeting, which, as the name implies, is to discuss matters while eating. Elena's blond hair is indeed the most conspicuous one in the crowd, and Urtigera, wearing an orange cardigan, is burying her head in cutting a steak; Setwin was wearing a dark blue shirt, with a meeting card hanging on his chest, and his left hand was lifting up to get a glass of wine. On the left of Setwin, Kavelier and Agum are seriously discussing the budget for next month. Kavelier has short brown shoulder-length hair, clean and clean.", "question": "Who is the person on the left of the picture?", "answer": "Agum", "answer_type": "T"}, {"qid": 4093, "image_local_path": "images/sample/COCO_val2014_000000151820.jpg", "text": "The company held a table meeting, which, as the name implies, is to discuss matters while eating. Elena's blond hair is indeed the most conspicuous one in the crowd, and Urtigera, wearing an orange cardigan, is burying her head in cutting a steak; Setwin was wearing a dark blue shirt, with a meeting card hanging on his chest, and his left hand was lifting up to get a glass of wine. On the left of Setwin, Kavelier and Agum are seriously discussing the budget for next month. Kavelier has short brown shoulder-length hair, clean and clean.", "question": "What type of blouse does Elena wear?", "answer": "Suit", "answer_type": "O"}, {"qid": 4094, "image_local_path": "images/sample/COCO_val2014_000000151820.jpg", "text": "The company held a table meeting, which, as the name implies, is to discuss matters while eating. Elena's blond hair is indeed the most conspicuous one in the crowd, and Urtigera, wearing an orange cardigan, is burying her head in cutting a steak; Setwin was wearing a dark blue shirt, with a meeting card hanging on his chest, and his left hand was lifting up to get a glass of wine. On the left of Setwin, Kavelier and Agum are seriously discussing the budget for next month. Kavelier has short brown shoulder-length hair, clean and clean.", "question": "Did Agum wear glasses?", "answer": "Yes", "answer_type": "YN", "yes_ore_no": "yes"}, {"qid": 4095, "image_local_path": "images/sample/COCO_val2014_000000151820.jpg", "text": "The company held a table meeting, which, as the name implies, is to discuss matters while eating. Elena's blond hair is indeed the most conspicuous one in the crowd, and Urtigera, wearing an orange cardigan, is burying her head in cutting a steak; Setwin was wearing a dark blue shirt, with a meeting card hanging on his chest, and his left hand was lifting up to get a glass of wine. On the left of Setwin, Kavelier and Agum are seriously discussing the budget for next month. Kavelier has short brown shoulder-length hair, clean and clean.", "question": "Who is on the right-hand side of Urtigera?", "answer": "Kavelier", "answer_type": "T"}]